0.076286874477487, -0.18019228472471, -0.083751343604443, -0.17675862892631, -0.01522751701899, 0.17033918547713, 0.052699152036306, 0.28350053744178, 0.27767825152275, 0.25662844858474, 0.20527290099128, ;
0.18692891435651, 0.10004646120489, 0.0035620257085323, 0.17113210469258, 0.36363636363636, 0.24159826544835, 0.48102834133499, 0.47498838469878, 0.45315161839864, 0.39987610345362, 0.53724639925662, ;
-0.098083872339133, -0.094591722085573, 0.069691172451489, 0.25841911876347, 0.1387750144241, 0.37350824451125, 0.36758677234217, 0.34617837296165, 0.29394795177796, 0.42862348546962, 0.39020983268045, ;
0.096415748421443, 0.16745078618299, 0.35981800173332, 0.23786678222112, 0.47712640831992, 0.47109075151665, 0.44926953076637, 0.39603194255293, 0.53330444471957, 0.49415005571376, 0.77550451900458, ;
-0.16202455825097, 0.18613357292603, 0.068134171907757, 0.29964061096137, 0.29380053908356, 0.27268643306379, 0.22117400419287, 0.35399820305481, 0.31611260856544, 0.58834980533094, 0.77972446840371, ;
-0.1794531227442, -0.11376432881933, 0.10943319954956, 0.10380273149886, 0.083446423930933, 0.033782808304219, 0.1618398637138, 0.12531400687206, 0.38778044062022, 0.57228654751249, 0.48725204284931, ;
0.11641305953612, 0.22839414980056, 0.22263258974738, 0.20180233417048, 0.15098241985522, 0.28202097798789, 0.24464470379672, 0.51322204166051, 0.70202393263407, 0.61500960260009, 0.6854779140198, ;
-0.21841711169506, -0.0055098753920496, -0.025430194117149, -0.074030120652143, 0.051284224802916, 0.015540674182701, 0.2723856347659, 0.45294001299765, 0.3697267666921, 0.43711678110254, 0.53219745132943, ;
0.0055159538357097, -0.019942294636795, -0.068595836162027, 0.056856754921929, 0.021073772346685, 0.27820208191899, 0.45895564607377, 0.37565059968319, 0.44311495813533, 0.53830052047975, 0.36178999773705, ;
0.020022152168356, -0.048848371247621, 0.077106586010054, 0.041180312970378, 0.29933827497089, 0.48081565419897, 0.39717701854534, 0.46491153332765, 0.56047825963477, 0.38326091278294, 0.45852148476328, ;
0.04933031232971, 0.12719763673387, 0.090916912840221, 0.35162187741991, 0.53488972380761, 0.45042590415006, 0.51882869188631, 0.61533828548484, 0.43637250121892, 0.51237559870364, 0.63684859609373, ;
-0.12404206522347, -0.035380656709739, 0.21885663142585, 0.39757789338256, 0.3152094870504, 0.38191531017508, 0.47603065391285, 0.30150472674386, 0.37562230799351, 0.49700732785143, 0.52483638194328, ;
0.035632799076083, 0.25604912537675, 0.43604405509704, 0.35308864539027, 0.42026985155348, 0.51505591391792, 0.33928621728965, 0.41393200191544, 0.53618207937805, 0.56420945888848, 0.70519140305907, ;
-0.24357565851175, 0.17122645301321, 0.092312227015729, 0.15622069187277, 0.24638923872558, 0.079182186017847, 0.15019159141456, 0.26648624025295, 0.29314826227927, 0.42726225247193, -0.065516224979233, ;
-0.16555690856802, -0.076301266937845, -0.014508899655414, 0.072674042023991, -0.088996554136332, -0.020338368266964, 0.092105604062491, 0.11788480970023, 0.24755810037049, -0.22890380081353, -0.31543902375832, ;
0.077483687644707, 0.062749947379499, 0.15128394022311, -0.012892022732056, 0.056830141022942, 0.1710166280783, 0.19719532729952, 0.32887813091981, -0.15496737528941, -0.24284361187118, -0.21771732266891, ;
-0.061972196959855, 0.087436663635182, -0.074704430297519, -0.0058464336754588, 0.10692477588671, 0.13277900480707, 0.26282967389892, -0.21501883850851, -0.30180589840198, -0.27699103546836, -0.19397167727686, ;
-0.085933908779814, -0.15935441033761, -0.091679861075643, 0.019153174319424, 0.04456305224986, 0.17237856887481, -0.29725726543746, -0.38255273507329, -0.35816435977323, -0.27657183717248, -0.51764645793963, ;
0.1646003692957, 0.069902400422052, 0.18438406752836, 0.21063044051701, 0.34265365338961, -0.14244262727513, -0.23054603007122, -0.20535478765497, -0.12107623318386, -0.37008704827222, -0.64679504088631, ;
-0.068938605619146, 0.11290322580645, 0.13878772112383, 0.26899063475546, -0.20941727367326, -0.29630593132154, -0.27146201873049, -0.18834547346514, -0.43392299687825, -0.70681581685744, -0.6164151925078, ;
-0.11041009463722, 0.025312913401853, 0.15264068383026, -0.31520301210949, -0.40017299277501, -0.37587768393202, -0.29459651979241, -0.53475119568536, -0.8016179912486, -0.71321359519691, -1.0315966215529, ;
-0.025185410180474, 0.12668641000329, -0.33880071885995, -0.42334269876224, -0.399169767383, -0.31829802313514, -0.55724302022426, -0.82276558584555, -0.73480648998912, -1.0515857949224, -0.72822537778115, ;
-0.12355584082157, -0.45398439814358, -0.53643724696356, -0.51286165695665, -0.43398834798065, -0.66702873506468, -0.92598992791547, -0.84020440406833, -1.1491557223265, -0.83378591883085, -0.49471709291992, ;
0.49932120553896, -0.09068693999457, -0.064756991582949, 0.021992940537605, -0.23431984795004, -0.51914200380125, -0.42478957371708, -0.7645940809123, -0.41773011132229, -0.044800434428455, 0.08376323649199, ;
0.092362148111277, 0.026408937558763, 0.11476135169515, -0.14628615673912, -0.43636966981915, -0.34027432111056, -0.68635584315027, -0.33308445329351, 0.046734140810796, 0.1776726950943, 0.33405232011504, ;
-0.026270184028828, 0.087888207300636, -0.17178774791626, -0.46034715154183, -0.36475669133221, -0.70901988831733, -0.35760459934531, 0.020218413886062, 0.15046901218607, 0.30602701290127, 0.38635050752345, ;
-0.086370025951558, -0.25519031141868, -0.5387651384083, -0.4448259083045, -0.78314230103806, -0.4377973615917, -0.066500865051903, 0.061499783737025, 0.21437067474048, 0.29330666089965, 0.088938148788927, ;
0.26891522333637, -0.29882634457612, -0.19983477666363, -0.55634685505925, -0.19242821330903, 0.19883773928897, 0.33372265268915, 0.49481540565178, 0.5779968094804, 0.36263673655424, 0.39596627164995, ;
0.31782100224202, 0.10528388777798, -0.27388959583106, 0.11316124341029, 0.52929770344786, 0.67275646852088, 0.8440889535236, 0.93255771677877, 0.70350845300854, 0.73895655335394, 1.0661697873114, ;
-0.1031126672799, -0.37135396575769, 0.0077149046022373, 0.41526957657043, 0.55576985846117, 0.72356903355983, 0.81021334678496, 0.58588765911991, 0.62060472982998, 0.94106999792291, 1.0370612148007, ;
0.40114750945573, 0.40948137701135, 0.84973395730496, 1.0015065068274, 1.1827681261619, 1.2763638694788, 1.034040643631, 1.0715430476313, 1.4177190845567, 1.5214116289506, 1.5765433681646, ;
-0.37848487541848, 0.40692679169259, 0.54721061831541, 0.71475128136758, 0.80126211003466, 0.57728201937606, 0.61194560483513, 0.93191716291885, 1.0277604953634, 1.0787189286878, 1.2058187420377, ;
-0.37630136986301, 0.12972602739726, 0.28465753424658, 0.36465753424658, 0.15753424657534, 0.18958904109589, 0.48547945205479, 0.5741095890411, 0.62123287671233, 0.73876712328767, 0.89095890410959, ;
-0.1264453761316, 0.15101343231767, 0.22899030629957, 0.027104975031377, 0.058349133441931, 0.34675674953935, 0.43314551232408, 0.47907709562849, 0.59363900980052, 0.7419820012284, 0.3678532325687, ;
-0.14658613717663, 0.075690808232672, -0.12027580486287, -0.089947638550469, 0.19000466587174, 0.27386074965006, 0.31844574628026, 0.42964902275909, 0.57364300896884, 0.21048265851003, 0.22694281714967, ;
-0.074562075481334, -0.19304427761606, -0.16316837750881, 0.1126091619427, 0.19521474899137, 0.23913487564476, 0.34867984270466, 0.49052653082069, 0.13278177825443, 0.14899647617589, 0.25713702058118, ;
0.200796812749, 0.031075697211155, 0.31792828685259, 0.40385126162019, 0.44953519256308, 0.56347941567065, 0.71102257636122, 0.33891102257636, 0.35577689243028, 0.46826029216468, 0.38844621513944, ;
-0.030883750395945, 0.28508077288565, 0.37047302291205, 0.41587477563087, 0.52911519374934, 0.67574701721043, 0.30593390349488, 0.32269559708584, 0.43448421497202, 0.35516312955337, 0.63351282863478, ;
-0.26970332634103, 0.080786135251224, 0.12373888722405, 0.23087104185396, 0.36959344720807, 0.019728298871241, 0.035585855558885, 0.14134452102687, 0.066302067725502, 0.32963739886125, 0.63380281690141, ;
-0.079501609692562, 0.042269789388317, 0.14769850826964, 0.28421518271854, -0.060086997124672, -0.044481580693519, 0.059595487945737, -0.014253766189084, 0.24489444840382, 0.54422353837458, 0.70261237128603, ;
-0.041915438040697, 0.10454490069453, 0.23991714390155, -0.10149872060436, -0.086024125746314, 0.017180455708541, -0.056049713659072, 0.20092603874741, 0.49774582673328, 0.65480687218228, 0.7682466187401, ;
-0.10240374286874, 0.13259971833003, -0.20182369369584, -0.18666603012436, -0.085575155753945, -0.15730551643473, 0.094407180197169, 0.38514787673358, 0.53899219440002, 0.65010861003032, 0.69068818179648, ;
-0.12917403032276, -0.32578364803274, -0.31101757976002, -0.21253836852386, -0.28241558924751, -0.037205841317087, 0.24602362570924, 0.39589340526463, 0.50413914984653, 0.54367035624593, 0.51657985303693, ;
0.34849012486941, 0.015795234067957, 0.12113825182827, 0.046390726829512, 0.30869110989503, 0.61166111138749, 0.77197651858117, 0.88776677777225, 0.93005323118253, 0.90107457340431, 0.81500920352221, ;
-0.015745493317464, 0.10501128220387, 0.030499144536189, 0.29197351781596, 0.59398943688165, 0.75379999504079, 0.86922561928141, 0.91137890847777, 0.88249150735203, 0.7966971658112, 0.88311140866374, ;
-0.102851175442, -0.07297940547892, 0.1831163784729, 0.47891975908296, 0.63544297649116, 0.74849426850593, 0.78978045463377, 0.76148727414028, 0.6774577423742, 0.76209442393627, 0.8073877987177, ;
0.074060382008626, 0.25988909426987, 0.56007393715342, 0.71891558841651, 0.83364140480591, 0.87553912507702, 0.84682686383241, 0.76155268022181, 0.84744300677757, 0.89340727048675, 0.87837338262477, ;
-0.24704807421985, 0.28535282541468, 0.43634617186768, 0.54540342985662, 0.58523099990629, 0.55793740043108, 0.47687658138881, 0.55852309999063, 0.60221628713335, 0.58792521788024, 0.43904038984163, ;
-0.26994680851064, 0.14284131205674, 0.24601063829787, 0.28368794326241, 0.25786790780142, 0.1811835106383, 0.2584219858156, 0.29975620567376, 0.28623670212766, 0.14539007092199, 0.20434397163121, ;
-0.13887392531621, 0.10030382037967, 0.13693464629705, 0.11183175677132, 0.037277252257105, 0.11237044538775, 0.15255661617359, 0.13941261393264, 0.0024779676355879, 0.05979443642397, 0.17421189855416, ;
-0.098331220954795, 0.035910435149979, 0.011301225179553, -0.061787072243346, 0.011829319814111, 0.051225179552176, 0.038339670468948, -0.095901985635826, -0.0397127165188, 0.072454583861428, 0.059040980143642, ;
-0.035654362416108, -0.024433724832215, -0.097000838926175, -0.023909395973155, 0.015205536912751, 0.0024119127516775, -0.13087248322148, -0.07508389261745, 0.03628355704698, 0.022965604026846, 0.085465604026845, ;
0.024553712563492, -0.072923472506165, 0.00052690370307862, 0.039833919952789, 0.026977469597655, -0.10696145172508, -0.050898897717453, 0.061015448816574, 0.047632094758362, 0.11043901616541, 0.0044259911058653, ;
0.074002780451289, 0.074537482622179, 0.11442626457063, 0.1013795316009, -0.034541760239547, 0.022350550743235, 0.13592129184045, 0.12233985669982, 0.18607635547, 0.078494278686772, 0.090257726446369, ;
-0.073442636769788, 0.039302874483689, 0.026447778808059, -0.1074770294192, -0.051420382702521, 0.060482171457473, 0.047100227598416, 0.10990053106297, 0.0038986765573634, 0.015489336592768, 0.016121554412881, ;
-0.038996340825928, -0.012754835337167, -0.14563512807109, -0.090015682174595, 0.021014113957135, 0.0077365394668061, 0.070047046523785, -0.035128071092525, -0.023627809722948, -0.023000522739153, 0.036487192890747, ;
0.012787455715574, -0.13322013290569, -0.077458440768924, 0.033855313083034, 0.020543781313545, 0.083013646940444, -0.022430455107645, -0.010900781921472, -0.010271890656772, 0.049367964278977, 0.28750812317884, ;
0.13686681598897, 0.057288077188146, 0.1716488628532, 0.15797294968987, 0.22215282563749, 0.11382236388697, 0.12566764300482, 0.12631374913853, 0.18758614748449, 0.4322450034459, 0.47014989662302, ;
-0.056639127842603, 0.11306532663317, 0.099544331828635, 0.16299718933651, 0.055893876160463, 0.067604974022656, 0.068243761178776, 0.12882207648412, 0.3707094796014, 0.40818499276041, 0.37741674474065, ;
-0.11056511056511, -0.013222004747429, 0.048827718319244, -0.055907216924166, -0.044455086827968, -0.043830425186357, 0.015408320493067, 0.25194686211635, 0.28859367842419, 0.25850580935327, 0.33148711114813, ;
0.013257061734065, 0.062214242468527, -0.04279838827533, -0.031315893859997, -0.030689575982797, 0.028706236038331, 0.26587193887137, 0.30261592100044, 0.27244827658197, 0.3456230819015, 0.37641704419716, ;
-0.061449633982885, -0.1037220331993, -0.092380657799773, -0.091762037323435, -0.03309619548407, 0.2011547582225, 0.23744715950098, 0.20765027322404, 0.27992576554284, 0.31034127229611, 0.20331992988968, ;
0.10591926551412, 0.011581629429973, 0.012213354671609, 0.072121965086652, 0.31133525658574, 0.34839647076165, 0.3179683716229, 0.39177493735391, 0.4228347617343, 0.31354629493146, 0.29217292425614, ;
-0.011554864597996, 0.00063026534170896, 0.060400428580433, 0.29906090464085, 0.33603647135444, 0.3056786907288, 0.37931469148512, 0.41030273745247, 0.30126683333684, 0.27994285594235, 0.25441710960314, ;
-0.00063018590484187, 0.059762629975842, 0.29839302594265, 0.33536393236005, 0.30500997794349, 0.37863669782586, 0.40962083814725, 0.3005986766096, 0.27927738682911, 0.25375485768302, 0.34660224766306, ;
-0.059056752605139, 0.23581184871507, 0.27234607879769, 0.24235064557645, 0.31510773446257, 0.34572591024204, 0.23799144766887, 0.21692199111554, 0.19170091750737, 0.2834516544194, 0.39128990741894, ;
-0.22519129366055, 0.034888791975578, 0.0062443008365376, 0.075724537128812, 0.10496372358562, 0.0020814336121799, -0.018039091305554, -0.042124251675059, 0.045494191809063, 0.14847559766879, 0.16968639733577, ;
-0.03464703334777, -0.028446001811095, 0.040552777668412, 0.069589353911571, -0.032580022835545, -0.052561124453719, -0.076479388952321, 0.010531910705146, 0.11279971652427, 0.13386353793456, -0.17106972715461, ;
0.02860876279475, 0.069393573422559, 0.09859628977014, -0.0041576748698247, -0.024253103407313, -0.048308222297017, 0.039200934486924, 0.14205389138569, 0.16323823477004, -0.14343978300897, -0.42170702251084, ;
-0.068443663347003, 0.028802968170278, -0.072544424917008, -0.092364772505371, -0.11609060730326, -0.029779339972661, 0.071665690294864, 0.092560046865847, -0.2099199375122, -0.48437805116188, -0.066002733841047, ;
-0.028637996311037, -0.10076691583341, -0.12047374041355, -0.14406368313756, -0.058246772158043, 0.042617221628969, 0.063391903698671, -0.23735559654402, -0.51024172410446, -0.094262692942433, 0.077759440830987, ;
0.10283947926368, -0.02011215249569, -0.044187290704817, 0.04339469356213, 0.14633324746864, 0.16753522103553, -0.13939802247013, -0.41789684348188, 0.0066380010700062, 0.18219826817524, -0.080943983196941, ;
0.020193378959096, -0.024172369886997, 0.063763329619608, 0.16711761897183, 0.1884052204361, -0.11976762692981, -0.39939121438803, 0.026858188763329, 0.20312748686933, -0.061077510743275, 0.11011857392965, ;
0.02428979828472, 0.088362887587213, 0.19221926790748, 0.21361028368086, -0.096059654944923, -0.37704164251015, 0.051278463045521, 0.22840407029048, -0.037084424541692, 0.134943323804, 0.48119789688331, ;
-0.086828405854042, 0.10205284353207, 0.1230723897456, -0.18121991945781, -0.45732246341224, -0.036440428248699, 0.13760927217366, -0.12326883410274, 0.045771535212651, 0.38601316177193, 0.58894018269325, ;
-0.10001155090097, 0.020599106730325, -0.27760665331896, -0.54818650854767, -0.13572308640074, 0.034845217926998, -0.22081472354844, -0.055155552133067, 0.27828045587556, 0.47714846758047, 0.52537347913137, ;
-0.02051459028337, -0.29698224625177, -0.56645193450669, -0.15568081598221, 0.014187660569807, -0.24042332911538, -0.075443843705664, 0.25662410368496, 0.45467617623375, 0.50270332451398, 0.66346485678132, ;
0.31573583367305, -0.28648593558907, 0.15022421524664, 0.33081940481044, 0.060130452507133, 0.23552792498981, 0.58856502242152, 0.79912352221769, 0.85018344883816, 1.0210966163881, 0.9862413371382, ;
0.30389846266946, 0.46325325952994, 0.65482496918852, 0.3676836255919, 0.5537417025233, 0.92823628618997, 1.1515924668641, 1.2057558001254, 1.387057017449, 1.3500832450431, 1.357759086683, ;
-0.42397197926149, 0.1753275022757, -0.08746586456643, 0.082815530138125, 0.42555507183283, 0.62997190010686, 0.67954248624688, 0.84547037638026, 0.81163177266791, 0.81865674595322, 0.80411208295405, ;
-0.16938783313578, -0.25389056704776, -0.08937789163767, 0.24175046839751, 0.43924215195198, 0.48713340725729, 0.64744006423737, 0.61474783007686, 0.62153481436164, 0.6074828891523, 0.57297441976064, ;
0.267472306143, 0.17331319234642, 0.52215508559919, 0.73021148036254, 0.78066465256798, 0.94954682779456, 0.91510574018127, 0.92225579053374, 0.90745216515609, 0.87109768378651, 0.86153071500503, ;
-0.1675069591793, 0.33715520429815, 0.53824142025656, 0.58700434097059, 0.75022872827081, 0.71694146502891, 0.72385197874287, 0.70954429541959, 0.67440773977536, 0.66516127776372, 0.72346265402659, ;
-0.31585666089177, 0.18838333181362, 0.23406583386523, 0.38697911917571, 0.35579465669736, 0.36226862405398, 0.34886477614662, 0.31594784353059, 0.30728549284216, 0.36190389349868, 0.36208625877633, ;
-0.18154338236586, 0.044023830864133, 0.19138503716982, 0.16133284125059, 0.16757174742096, 0.15465457549076, 0.12293281313158, 0.11458498093179, 0.16722025974939, 0.16739600358517, 0.21115621869563, ;
-0.043639594439218, 0.14607504964984, 0.11628514685899, 0.12246960036236, 0.10966516846103, 0.078220271070695, 0.069945298073237, 0.12212118044667, 0.12229539040452, 0.16567366990697, 0.20887773945159, ;
-0.14192860407251, -0.028944294927131, -0.022935391594305, -0.035376360466494, -0.065928671778466, -0.07396875370267, -0.023273921359536, -0.023104656476921, 0.019042299294165, 0.061019990182637, -0.025474364833528, ;
0.029112824965524, 0.0060438905630189, -0.0064695166590051, -0.037199720789281, -0.045286616613038, 0.005703389686228, 0.0058736401246229, 0.048265999284948, 0.090488108006878, 0.0034901339870952, -0.23247697362821, ;
-0.0060365936607265, -0.012498299551082, -0.043191402530268, -0.051268534893212, -0.00034008978370359, -0.00017004489185235, 0.042171133179159, 0.084342266358318, -0.0025506733777725, -0.23823289348388, -0.025676778669569, ;
0.012529619338232, -0.030770017558514, -0.038867390600229, 0.012188677315422, 0.012359148326826, 0.05480643016655, 0.097083240994869, 0.0099725541671636, -0.22630026763949, -0.01321150338385, 0.027360597330425, ;
0.030960548885077, -0.0081475128644942, 0.043224699828474, 0.043396226415093, 0.086106346483704, 0.12864493996569, 0.040994854202401, -0.1967409948542, 0.017667238421955, 0.058490566037737, 0.10291595197256, ;
0.0081608109268971, 0.051456060475904, 0.051627867021733, 0.094407696933253, 0.13701572029894, 0.049222575380122, -0.18890129713942, 0.025856885147324, 0.066746843054721, 0.11124473842453, 0.12894081264496, ;
-0.050931909393919, 0.00017005645874368, 0.042514114686075, 0.084688116454663, -0.0022107339636757, -0.23790898578328, -0.025338412352902, 0.015135024828243, 0.059179647643017, 0.07669546289368, 0.11410788381743, ;
-0.00017005067510123, 0.042342618100194, 0.084515185525287, -0.0023807094514161, -0.23807094514165, -0.025507601265177, 0.014964459408905, 0.05900758426011, 0.076522803795531, 0.11393395231779, 0.1436928204605, ;
-0.041987049777418, 0.041818427087549, -0.044347767435586, -0.27805881559423, -0.06728045325779, -0.027148253068932, 0.016525023607177, 0.033893160663698, 0.070990152434912, 0.10049912316201, 0.24998313773101, ;
-0.041471571906355, -0.085451505016723, -0.31722408026756, -0.10819397993311, -0.068394648829431, -0.025083612040134, -0.0078595317725755, 0.028929765886287, 0.058193979933111, 0.2064381270903, 0.17650501672241, ;
0.086937289462043, -0.23580251114363, -0.023137908741366, 0.017353431556025, 0.061417537173772, 0.078941100411718, 0.11637007043452, 0.14614311477083, 0.29696485079452, 0.26651127973051, 0.29075504440437, ;
0.24747348498375, 0.22319037246009, 0.2656858193765, 0.31193086455023, 0.33032175124094, 0.36960325679392, 0.40084990893833, 0.55913652108703, 0.52717565975074, 0.55261936221119, 0.58475877584545, ;
-0.21365330051619, 0.040679588418283, 0.084948552285237, 0.10255358424777, 0.14015656513862, 0.17006802721089, 0.32159094793696, 0.29099579530305, 0.31535227156189, 0.34611834683622, 0.38568693809182, ;
-0.040351293615002, 0.043911701875148, 0.061374656674917, 0.098674171781221, 0.12834424061578, 0.27864433216914, 0.24829609033264, 0.2724560035265, 0.30297378861347, 0.34222305110034, 0.34078193347123, ;
-0.043529411764706, 0.017310924369748, 0.054285714285714, 0.083697478991597, 0.23268907563025, 0.20260504201681, 0.22655462184874, 0.25680672268907, 0.29571428571429, 0.29428571428571, 0.23016806722689, ;
-0.017251197534586, 0.036847218035039, 0.066157505108365, 0.2146350450541, 0.18465480856195, 0.20852175660738, 0.23866948045423, 0.27744280306837, 0.27601916055338, 0.21212273473353, 0.1580243191639, ;
-0.03657766102484, 0.029095866724305, 0.17648721444485, 0.14672629933828, 0.17041864795664, 0.20034582515878, 0.23883550028265, 0.23742227247032, 0.17399328301134, 0.12029062614305, 0.18671233332225, ;
-0.028927532398836, 0.14653861412325, 0.11694988098387, 0.14050515736578, 0.17025919069029, 0.20852618354933, 0.20712113197567, 0.1440591113462, 0.090667151547209, 0.15670457550912, 0.15009256810368, ;
-0.14236618542132, -0.028746246125681, -0.0058616647127785, 0.023045174966676, 0.060222582665532, 0.058857537458445, -0.0024089033066216, -0.054280621175867, 0.0098765035571469, 0.0034527614061564, 0.041192246543224, ;
0.02891247112791, 0.023016911372777, 0.052090904685758, 0.089483290529955, 0.08811035195684, 0.026489638351828, -0.025682027426467, 0.038846085509844, 0.03238519810696, 0.070342911598908, 0.11330781282809, ;
-0.022911441250241, 0.02894076789504, 0.066161811048943, 0.06479516367612, 0.003456813943018, -0.048475786224195, 0.015756640298411, 0.0093253585439579, 0.047109138851373, 0.089877162518489, 0.10547302077304, ;
-0.028774218300402, 0.037006841869686, 0.035648059338833, -0.025337297781188, -0.076971033953577, -0.013108255003517, -0.019502525736939, 0.01806381482192, 0.060585715199182, 0.076091821727733, -0.05267280516657, ;
-0.036734952950698, -0.0013487995683847, -0.061886097843508, -0.11314048144211, -0.049746901728051, -0.056094193814564, -0.018803852806297, 0.023405639569019, 0.038797822878814, -0.089020771513353, -0.036734952950698, ;
0.0013491635186191, -0.060553633217993, -0.11182184692549, -0.048411161550427, -0.054760166343926, -0.017459763182121, 0.024761118694645, 0.040157455318879, -0.087695628710199, -0.035395701723755, -0.027300720612043, ;
0.061295971978984, -0.051896720705667, 0.012291328588184, 0.0058644901107019, 0.04362216616591, 0.086360642041164, 0.10194572534906, -0.027474734491235, 0.025466347467022, 0.033660566525813, 0.032455534311283, ;
0.052441024142355, 0.064861266702385, 0.058367022226552, 0.096520708522073, 0.13970743428636, 0.15545597714026, 0.024678129008168, 0.078174467877843, 0.086454629584531, 0.085236958745312, 0.18679070673616, ;
-0.064030644954481, -0.0064110783433768, 0.031254006923965, 0.073887677907424, 0.089434542890114, -0.039668547249647, 0.013142710603924, 0.02131683549173, 0.020114758302346, 0.12036799589691, 0.049765995640467, ;
0.0064193092823206, 0.037713442033638, 0.080401848761074, 0.095968673770702, -0.033300166902041, 0.01957889331108, 0.02776351264604, 0.026559892155603, 0.1269418410579, 0.05624919758634, 0.1084060855052, ;
-0.037431110827945, 0.042368831830779, 0.057819120129974, -0.070481985282406, -0.017998789461949, -0.0098754420056707, -0.011070051925712, 0.08856041540569, 0.018396992768628, 0.070163422637061, 0.14048612659679, ;
-0.042012824967621, 0.015320466247591, -0.11190258078782, -0.059860378431311, -0.051805287929999, -0.052989860062546, 0.045803455791769, -0.023770414126417, 0.027561044950564, 0.097292857819756, 0.15454717755947, ;
-0.015273666309757, -0.12683441456194, -0.074951187252, -0.066920702903571, -0.068101656484223, 0.030389872142093, -0.038971468161492, 0.012203187000063, 0.081721987781067, 0.13880141084588, 0.15816904956856, ;
0.13013554776483, 0.053233597751102, 0.061473092395431, 0.060261402006558, 0.16131638043847, 0.090149764932065, 0.14265634844984, 0.21398452267477, 0.27254955813691, 0.2924212805144, 0.17480653343458, ;
-0.05267280516657, 0.0081526951851152, 0.0069537694225974, 0.1069441780165, 0.036527271564678, 0.088480721273739, 0.15905748449389, 0.21700556301554, 0.23666794552081, 0.12029221817252, -0.25409233326939, ;
-0.0081394235372984, -0.0011969740496032, 0.098630661687255, 0.028328385840595, 0.080197261323374, 0.15065913370998, 0.20851287944077, 0.22814325385426, 0.11195697277283, -0.26181812378308, -0.21872705799738, ;
0.0011972606675936, 0.099851539677219, 0.029532429800616, 0.081413725396293, 0.15189247002858, 0.20976006896221, 0.22939514391073, 0.11318104177642, -0.26068355602382, -0.21758217199049, -0.28367096084159, ;
-0.0978965161048, -0.068942310702101, -0.018076814724388, 0.051022005196106, 0.10775659686356, 0.12700723072589, 0.013068519735812, -0.35347606974051, -0.31121858077441, -0.37601339718909, -0.52587097380036, ;
0.069906209829718, 0.051576658784696, 0.12164156602606, 0.17916937774745, 0.19868915937981, 0.083157443702093, -0.288511894371, -0.24566359322679, -0.31136432164791, -0.46331709329821, -0.47783790646375, ;
-0.051050060474687, 0.069349543690999, 0.12628999575892, 0.14561048018472, 0.031258344721424, -0.33661624491463, -0.29420542544335, -0.35923534863264, -0.50963668064653, -0.52400923613402, -0.38460330176083, ;
-0.068400830415518, 0.056161497226784, 0.075217674216836, -0.037570105041366, -0.40041210919344, -0.35858147677625, -0.42272177981595, -0.57106559662876, -0.58524153317014, -0.44774269513215, -0.43689771635733, ;
-0.055537681359256, 0.018844509812933, -0.092690475096138, -0.45150219852615, -0.4101362013758, -0.47356406367299, -0.62026014615986, -0.63427862297192, -0.49830705826477, -0.48758254048506, -0.42622297804538, ;
-0.018773753376986, -0.11111619884915, -0.46858067371827, -0.42736999557367, -0.49055970206206, -0.63670497733413, -0.65067081826091, -0.51520979287818, -0.50452554298884, -0.44339637040768, -0.48979654135568, ;
0.11364168526873, -0.36558904793868, -0.323441719611, -0.38806762304678, -0.53753453739405, -0.55181779866065, -0.41327796943538, -0.40235088431339, -0.33983234729399, -0.38728711696664, -0.38463339629416, ;
0.39442881923977, 0.045472152516968, -0.024251814675716, -0.18550954073126, -0.20091954797312, -0.051450898496051, -0.039661821917578, 0.027788537649259, -0.023409737777254, -0.020546676322482, 0.1029017969921, ;
-0.045062336231787, -0.069095582222073, -0.22889997830332, -0.24417110335965, -0.096049535190347, -0.084366707278402, -0.017524241867917, -0.068261094514077, -0.06542383630689, 0.056912061685331, 0.045229233773387, ;
0.070063802061298, -0.16204369679636, -0.17752881246933, -0.027331652253381, -0.015485115672969, 0.052293997190679, 0.00084618118431523, 0.0037231972109875, 0.12777335883159, 0.11592682225118, 0.058471119836179, ;
0.16747122818064, -0.016003777941023, 0.13922412285304, 0.15146745023962, 0.22151677335852, 0.1683457515654, 0.17131913107357, 0.29952425927869, 0.28728093189212, 0.22790079406723, 0.20402630566341, ;
0.016055166605253, 0.15572634275587, 0.16800898387465, 0.2382832377042, 0.18494148198838, 0.18792440911723, 0.31654120826095, 0.30425856714218, 0.24468775771613, 0.22073660753452, -0.086855819339896, ;
-0.1510227002008, 0.011911649593302, 0.080063301909268, 0.028332709389783, 0.031225538576729, 0.15595752646088, 0.14404587686758, 0.086274376340061, 0.063046659633121, -0.23525507946772, -0.25235680495525, ;
-0.01188333955794, 0.067989678470785, 0.016382032390589, 0.019267986283231, 0.14370352765423, 0.13182018809629, 0.074185991240281, 0.0510134791023, -0.24657929582725, -0.26364037619258, -0.088955284690863, ;
-0.067077562094898, -0.050915303063293, -0.048068065720938, 0.074698109099435, 0.062974190630914, 0.006113186058585, -0.016748454955031, -0.31034887031671, -0.32718106754652, -0.15483946605926, 0.17552380792872, ;
0.051439110644851, 0.0028765292136923, 0.12690570060407, 0.11506116854769, 0.057615188074248, 0.034518350564308, -0.26210257364761, -0.27910793752855, -0.10499331629977, 0.22876867628894, 0.44958459534002, ;
-0.0028748752811464, 0.12395785771058, 0.11212013596469, 0.054707185497099, 0.031623628092605, -0.26482674648673, -0.28182233270763, -0.10780782304297, 0.22576226472528, 0.44645122013089, 0.52178986352798, ;
-0.12095909173419, -0.011551345731777, -0.0675753725309, -0.090100496707866, -0.37937919767653, -0.39596362976287, -0.22615884750573, 0.099341573293288, 0.31469166157857, 0.3882077262001, 0.37286093829931, ;
0.011578094245687, -0.056153757091583, -0.078731040870673, -0.36867960105195, -0.38530243636183, -0.21510445095023, 0.1111497047586, 0.32699846176748, 0.40068476157396, 0.38530243636183, 0.40812782216047, ;
0.056791569086652, -0.022833723653395, -0.3160756105721, -0.33288725326196, -0.16075610572098, 0.1692037470726, 0.38750418200067, 0.46202743392439, 0.44647039143526, 0.46955503512881, 0.4824355971897, ;
0.022938477826138, -0.29458719142286, -0.31147596081133, -0.13855512796814, 0.1929184801788, 0.41222041104408, 0.48708555296015, 0.47145713949619, 0.49464768850723, 0.50758734266557, 0.54069269161611, ;
0.31303012446206, -0.017946108105212, 0.16580061070338, 0.51802646381315, 0.75105801682113, 0.83061016767558, 0.81400332136926, 0.83864573846896, 0.85239549293763, 0.88757343618864, 0.86748450920519, ;
0.018010752688172, 0.18440860215054, 0.53790322580645, 0.77177419354839, 0.85161290322581, 0.83494623655914, 0.85967741935484, 0.87347670250896, 0.90878136200717, 0.88862007168459, 0.8160394265233, ;
-0.17784921704864, 0.34092087524629, 0.56647308928757, 0.64347194856372, 0.62739811262055, 0.65124961111687, 0.66455805593004, 0.69860693421826, 0.67916277783539, 0.60916381485706, 0.8005807321373, ;
-0.31915926411339, 0.21115479831076, 0.28323867773409, 0.26819086452114, 0.29051987767584, 0.30297881979839, 0.33485429509894, 0.31665129524457, 0.25112049576881, 0.43031891655745, 0.10533469249066, ;
-0.20259885426855, 0.069163057146849, 0.054724977877136, 0.07614922453542, 0.088103333178086, 0.11868722152361, 0.10122180305218, 0.038346296555044, 0.21028363839598, -0.10153229938056, 0.21012839023179, ;
-0.06821940463065, -0.014241087835355, 0.0068908489525921, 0.018681857160359, 0.048848462575034, 0.031621340193556, -0.030396300379762, 0.13919514884234, -0.16836640940831, 0.13904201886561, -0.22915901016783, ;
0.014281765410485, 0.021192297060721, 0.033016984551123, 0.063269756442151, 0.045993427316564, -0.01620135753555, 0.15387450474523, -0.15456555791026, 0.15372093737523, -0.21553180380233, -0.28694063085476, ;
-0.021102853472796, 0.011774780560907, 0.041899868489463, 0.024696455332293, -0.03723583203352, 0.13212221304707, -0.17501605651895, 0.131969293819, -0.23572499006025, -0.30683243110989, -0.64929504235863, ;
-0.01174711661683, 0.030054311344357, 0.0128913162873, -0.048895465918106, 0.12006468542137, -0.18635198633063, 0.11991212546531, -0.24691828888753, -0.3178586684567, -0.65951669005919, -0.60711234515164, ;
-0.029874738406478, -0.017060447059537, -0.07847805647387, 0.089472566801129, -0.21511328136848, 0.089320918382821, -0.27531770343635, -0.34583421794911, -0.68545085074763, -0.63335961905917, -0.63988050104637, ;
0.017118858134121, -0.061627889282833, 0.10689775857084, -0.19873092198366, 0.10674559094298, -0.25914147024362, -0.32989941719799, -0.67067881978788, -0.61840923961836, -0.62495244761629, -0.5665200785185, ;
0.062396967969556, 0.17062874574391, -0.13881399540882, 0.17047467915633, -0.19997843067774, -0.27161939390205, -0.61665151678556, -0.56372964395212, -0.57035450721802, -0.51119293758763, -0.56126457855085, ;
-0.16499806322815, -0.29923125055868, -0.00014898244986739, -0.35837728315604, -0.42765412234439, -0.76130031882244, -0.71012484729299, -0.71653109263729, -0.6593218318882, -0.70774112809511, -1.1037364798427, ;
0.31827905871167, 0.31812059266302, -0.062911021313683, -0.1365977339355, -0.49148244988511, -0.43704936217415, -0.44386340226606, -0.38301243958482, -0.43451390539577, -0.85571666270502, -0.87124633547262, ;
-0.29909117997616, -0.3582389749702, -0.4275178784267, -0.76117401668653, -0.70999702026222, -0.71640345649583, -0.65919249106079, -0.70761323003576, -1.1036203814064, -1.1182210965435, -1.1148688915375, ;
0.38588692205229, -0.074625668020094, -0.43403251432331, -0.37890581117299, -0.3858066793985, -0.32418032129159, -0.37633804625187, -0.80290799377317, -0.81863555391504, -0.81502463449471, -1.0276676670251, ;
0.075756341538913, -0.36485231586321, -0.30889037324253, -0.31589579837409, -0.25333572278066, -0.30628370342614, -0.73931672667438, -0.75528257929978, -0.75161694987048, -0.9674817940405, -1.0992815366319, ;
0.39357140346561, 0.060366946680257, 0.052810094548522, 0.12029454149239, 0.063178798636252, -0.40394010755334, -0.4211627007838, -0.41720853397069, -0.65006502407648, -0.79223928860146, -1.0618255948824, ;
-0.059646807550053, -0.0074667037107784, 0.059212696869194, 0.0027783083574995, -0.45876816753199, -0.47578530622167, -0.47187831009394, -0.70195697094931, -0.84243518727535, -1.1088055010505, -1.1263435725573, ;
0.0074778707197887, 0.066779124567414, 0.010260334243432, -0.45197641862164, -0.46901900770395, -0.46510616837382, -0.69552892892545, -0.83621724083961, -1.1029859311688, -1.1205502321618, -1.0847260142949, ;
-0.065898989205609, -0.055773884093288, -0.51191845000086, -0.52873642120437, -0.52487515230561, -0.75226098745517, -0.89109505585969, -1.15434778878, -1.1716805958367, -1.1363285339191, -1.1414768924508, ;
0.056403047500043, -0.46129015463112, -0.47829784280037, -0.47439301643498, -0.7043439023967, -0.84474410371219, -1.1109664879124, -1.128494819597, -1.0927439648739, -1.0979504000278, -1.0837194772739, ;
0.50817321479782, -0.018736258483892, -0.01443456648504, -0.26775642863971, -0.42242615428735, -0.71570595545359, -0.73501577287066, -0.69563139279228, -0.70136698212408, -0.68568970461715, -0.73530255233725, ;
0.018806732042449, 0.0043178721526027, -0.24995682127847, -0.40520831334318, -0.69959124143622, -0.71897368976568, -0.67944117139074, -0.68519833426088, -0.6694620890825, -0.71926154790919, -0.77932794718763, ;
-0.0043141465659385, -0.25405529777198, -0.40917283429842, -0.7033017601718, -0.72266748475668, -0.68316907619742, -0.68892127161867, -0.67319860413391, -0.72295509452774, -0.78296966675614, -0.76609656018714, ;
0.26765513897867, -0.16342113768584, -0.47329508726568, -0.4936974789916, -0.45208468002586, -0.45814479638009, -0.44158047834518, -0.49400048480931, -0.55722769877182, -0.53945135746606, -0.53389625080802, ;
0.16894290606858, -0.32034415069123, -0.34143591028693, -0.29841707388381, -0.30468195297164, -0.28755795013156, -0.34174915424132, -0.40711272605772, -0.38873574740008, -0.38299294156956, -0.27043394729148, ;
0.34227319380606, -0.022535588379669, 0.023428086929358, 0.016734347806685, 0.035030568075327, -0.022870275335803, -0.092708286849034, -0.073073318755857, -0.066937391226739, 0.053326788343968, 0.055781159355616, ;
0.022637618791465, 0.046171776941007, 0.039447731755424, 0.057826788596019, -0.00033620225927955, -0.070490407028869, -0.050766541151157, -0.044602833064372, 0.076205845436614, 0.078671328671328, 0.011655011655011, ;
-0.045749311539486, -0.0066625210979832, 0.011548369903172, -0.046082437594385, -0.11559474105001, -0.096051345829262, -0.089944034822776, 0.029759260904326, 0.032202185306921, -0.034200941636315, -0.097161766012259, ;
0.0066714107809995, 0.018235189468067, -0.039472513787582, -0.10907756626935, -0.089508094645081, -0.083392634762498, 0.036470378936132, 0.038916562889165, -0.027575164561466, -0.090619996441915, -0.22916296032734, ;
-0.018168926703891, -0.057498005849508, -0.12685012851192, -0.10735176814677, -0.10125853053266, 0.018168926703891, 0.020606221749535, -0.045643889036604, -0.10845962953115, -0.24649915802535, -0.24295400159532, ;
0.058166902024074, -0.070158922287226, -0.050433730078677, -0.044269607513505, 0.076547194763857, 0.079012843789927, 0.011992020263152, -0.051554479635981, -0.19119987447605, -0.18761347589268, -0.10142783493601, ;
0.071157387409917, 0.020005910837293, 0.026257757973946, 0.14879396185236, 0.15129470070703, 0.083320071839407, 0.0188692113579, -0.1227635437743, -0.11912610544024, -0.031713915475027, 0.033305294746175, ;
-0.019926182551004, 0.0062269320471886, 0.12827480017209, 0.13076557299097, 0.063061839096076, -0.0011321694631256, -0.14220048456853, -0.13857754228653, -0.051513710572199, 0.013246382718566, 0.098725177184521, ;
-0.0062191867565248, 0.12189606042788, 0.12438373513049, 0.056764213668642, -0.0073499479849837, -0.14824279705097, -0.14462436111991, -0.057668822651409, 0.0070107196164459, 0.092383192365101, 0.10708308833507, ;
-0.11899505475097, 0.0024284705051225, -0.063581773225009, -0.12617008124338, -0.26370981985164, -0.26017749911692, -0.17529141646061, -0.11215118332745, -0.028810490992582, -0.014460438007771, -0.06578947368421, ;
-0.0024272915839185, -0.065978198508319, -0.12853612251203, -0.2660090913103, -0.26247848537005, -0.17763361136855, -0.11452403018668, -0.031223796284037, -0.016880709651794, -0.068184827220972, -0.0097091663356724, ;
0.06686046511628, -0.063394454382827, -0.20270572450805, -0.19912790697674, -0.11314847942755, -0.049194991055456, 0.035219141323792, 0.049754025044723, -0.0022361359570661, 0.057021466905188, -0.076252236135957, ;
0.064208547550563, -0.14110026498766, -0.13747650216293, -0.050392951781306, 0.014381808710621, 0.099879962856432, 0.11460149933187, 0.061943695785112, 0.12196226756959, -0.013022897651349, 0.17167576382126, ;
0.14519775328035, 0.0037289952688369, 0.093341412823083, 0.15999720325355, 0.24797818537768, 0.26312722865733, 0.20894026615704, 0.27070175029715, 0.13179667653297, 0.32185890414152, 0.36206213438367, ;
-0.0037262162602764, 0.089545634504763, 0.1561517501572, 0.24406716504809, 0.25920491860546, 0.20505833857333, 0.26677379538415, 0.12797223968886, 0.31789282470481, 0.35806609376092, 0.29180931088288, ;
-0.087970165644733, 0.065434245447058, 0.15180287361582, 0.1666742930356, 0.11348036972637, 0.17411000274549, 0.037750526219457, 0.22432964217077, 0.2637961014002, 0.19870504255514, 0.59611512766542, ;
-0.064588979223126, 0.085252935862692, 0.099932249322493, 0.047425474254742, 0.10727190605239, -0.0273261065944, 0.15684281842818, 0.19579945799458, 0.13154923215899, 0.52382565492322, 0.52122854561879, ;
-0.083823692683468, 0.014433218607749, -0.037193294104585, 0.021649827911624, -0.11069168424559, 0.070389696902409, 0.10869323859221, 0.045520150993671, 0.43122016209615, 0.42866659265016, 0.50593982458088, ;
-0.014391674969556, -0.051477914314181, 0.007195837484778, -0.12476475146684, 0.055795416805048, 0.093988708070408, 0.030997453780582, 0.41558729104395, 0.41304107162626, 0.49009188530942, 0.5420126203919, ;
0.052013422818792, 0.059284116331096, -0.074049217002237, 0.10838926174497, 0.14697986577181, 0.083333333333333, 0.47192393736018, 0.46935123042506, 0.54720357941834, 0.5996644295302, 0.6403803131991, ;
-0.058589431793058, -0.13177094848552, 0.048529736900287, 0.086668140614636, 0.023767411010391, 0.40780455449923, 0.4052619942516, 0.48220207826664, 0.53404819809861, 0.57428697766969, 0.59661728940968, ;
0.13533766292747, 0.18518098006267, 0.22435169626232, 0.15974839910986, 0.55418048049412, 0.55156909941414, 0.63059176166038, 0.68384122803034, 0.72516917207866, 0.74810391025932, 0.40385576093374, ;
-0.17856751844796, 0.037771792682125, -0.02452429437912, 0.35582123541133, 0.35330311589919, 0.42950360200574, 0.48085134336202, 0.52070332172809, 0.54281898005211, 0.21086513827761, 0.54774573561935, ;
-0.037488590429, -0.061829008562611, 0.31566479767027, 0.31316555830834, 0.38879471465206, 0.43975746511931, 0.47931064458643, 0.50126048593906, 0.17179554048768, 0.50615030208198, 0.5637414699874, ;
